{
  "dga_score": -3.7390808039215884,
  "perplexity": 0.2768362699988241,
  "entropy": 3.277613436819116,
  "securerank2": 0.0,
  "pagerank": 0.0,
  "asn_score": 0.0,
  "prefix_score": 0.0,
  "rip_score": 0.0,
  "popularity": 58.528846619549704,
  "fastflux": false,
  "geodiversity": [
    [
      "US",
      0.5131
    ],
    [
      "IN",
      0.1
    ],
    [
      "GB",
      0.0665
    ],
    [
      "CA",
      0.0399
    ],
    [
      "AU",
      0.0273
    ],
    [
      "BR",
      0.0178
    ],
    [
      "NL",
      0.0146
    ],
    [
      "DE",
      0.0139
    ],
    [
      "NG",
      0.0129
    ],
    [
      "PL",
      0.0111
    ],
    [
      "FR",
      0.0091
    ],
    [
      "SG",
      0.0089
    ],
    [
      "ZA",
      0.0088
    ],
    [
      "SE",
      0.008
    ],
    [
      "IE",
      0.0071
    ],
    [
      "ES",
      0.007
    ],
    [
      "MX",
      0.0062
    ],
    [
      "TR",
      0.0061
    ],
    [
      "DK",
      0.0054
    ],
    [
      "BE",
      0.0054
    ],
    [
      "IT",
      0.0054
    ],
    [
      "VN",
      0.0051
    ],
    [
      "PH",
      0.0042
    ],
    [
      "HK",
      0.0042
    ],
    [
      "CN",
      0.004
    ],
    [
      "JP",
      0.0036
    ],
    [
      "UA",
      0.0035
    ],
    [
      "CH",
      0.0035
    ],
    [
      "MY",
      0.003
    ],
    [
      "EG",
      0.0029
    ],
    [
      "ID",
      0.0029
    ],
    [
      "IL",
      0.0028
    ],
    [
      "RO",
      0.0026
    ],
    [
      "PT",
      0.0025
    ],
    [
      "AR",
      0.0024
    ],
    [
      "RU",
      0.0024
    ],
    [
      "NO",
      0.0024
    ],
    [
      "KE",
      0.0024
    ],
    [
      "NZ",
      0.0021
    ],
    [
      "TW",
      0.002
    ],
    [
      "CR",
      0.002
    ],
    [
      "TH",
      0.0018
    ],
    [
      "CZ",
      0.0018
    ],
    [
      "BG",
      0.0017
    ],
    [
      "GR",
      0.0016
    ],
    [
      "PK",
      0.0016
    ],
    [
      "DO",
      0.0015
    ],
    [
      "CO",
      0.0015
    ],
    [
      "AT",
      0.0013
    ],
    [
      "LK",
      0.0013
    ],
    [
      "SK",
      0.0011
    ],
    [
      "RS",
      0.0011
    ],
    [
      "GH",
      0.001
    ],
    [
      "HU",
      0.001
    ],
    [
      "IR",
      0.001
    ],
    [
      "KR",
      0.001
    ],
    [
      "QA",
      0.0009
    ],
    [
      "LT",
      0.0009
    ],
    [
      "MA",
      0.0009
    ],
    [
      "DZ",
      0.0008
    ],
    [
      "SA",
      0.0008
    ],
    [
      "FI",
      0.0007
    ],
    [
      "AE",
      0.0007
    ],
    [
      "AF",
      0.0007
    ],
    [
      "CL",
      0.0007
    ],
    [
      "IQ",
      0.0007
    ],
    [
      "AL",
      0.0006
    ],
    [
      "BW",
      0.0006
    ],
    [
      "MU",
      0.0006
    ],
    [
      "HR",
      0.0006
    ],
    [
      "ZM",
      0.0006
    ],
    [
      "LB",
      0.0006
    ],
    [
      "EE",
      0.0004
    ],
    [
      "TN",
      0.0004
    ],
    [
      "BD",
      0.0004
    ],
    [
      "NP",
      0.0004
    ],
    [
      "PE",
      0.0004
    ],
    [
      "IM",
      0.0004
    ],
    [
      "VE",
      0.0003
    ],
    [
      "UY",
      0.0003
    ],
    [
      "ET",
      0.0003
    ],
    [
      "GT",
      0.0003
    ],
    [
      "CY",
      0.0003
    ],
    [
      "RW",
      0.0003
    ],
    [
      "CM",
      0.0003
    ],
    [
      "LU",
      0.0003
    ],
    [
      "MD",
      0.0003
    ],
    [
      "MZ",
      0.0003
    ],
    [
      "MM",
      0.0003
    ],
    [
      "JE",
      0.0003
    ],
    [
      "EC",
      0.0002
    ],
    [
      "TZ",
      0.0002
    ],
    [
      "GE",
      0.0002
    ],
    [
      "BA",
      0.0002
    ],
    [
      "PS",
      0.0002
    ],
    [
      "PY",
      0.0002
    ],
    [
      "BY",
      0.0002
    ],
    [
      "BZ",
      0.0002
    ],
    [
      "BO",
      0.0002
    ],
    [
      "BM",
      0.0002
    ],
    [
      "CV",
      0.0002
    ],
    [
      "SI",
      0.0002
    ],
    [
      "SN",
      0.0002
    ],
    [
      "MK",
      0.0002
    ],
    [
      "PA",
      0.0002
    ],
    [
      "HN",
      0.0002
    ],
    [
      "JM",
      0.0002
    ],
    [
      "KH",
      0.0002
    ],
    [
      "??",
      0.0001
    ],
    [
      "VI",
      0.0001
    ],
    [
      "UZ",
      0.0001
    ],
    [
      "UG",
      0.0001
    ],
    [
      "GY",
      0.0001
    ],
    [
      "GG",
      0.0001
    ],
    [
      "AW",
      0.0001
    ],
    [
      "AZ",
      0.0001
    ],
    [
      "PR",
      0.0001
    ],
    [
      "AO",
      0.0001
    ],
    [
      "BH",
      0.0001
    ],
    [
      "BN",
      0.0001
    ],
    [
      "BJ",
      0.0001
    ],
    [
      "SD",
      0.0001
    ],
    [
      "CW",
      0.0001
    ],
    [
      "CU",
      0.0001
    ],
    [
      "LV",
      0.0001
    ],
    [
      "ME",
      0.0001
    ],
    [
      "MW",
      0.0001
    ],
    [
      "MN",
      0.0001
    ],
    [
      "MT",
      0.0001
    ],
    [
      "NA",
      0.0001
    ],
    [
      "OM",
      0.0001
    ],
    [
      "PG",
      0.0001
    ],
    [
      "JO",
      0.0001
    ],
    [
      "KY",
      0.0001
    ],
    [
      "LA",
      0.0001
    ]
  ],